model,id,task,variation_id,prompt,ground_truth,response,response_time
mistral:7b,1,Factual QA,1,What is the capital of Germany?,Berlin," The capital of Germany is Berlin. Berlin is located in northeastern Germany and has been the capital since German reunification on October 3, 1990. Prior to that, Bonn was the West German capital from 1949 until 1990 while East Germany's capital was East Berlin.",6.489
mistral:7b,1,Factual QA,2,Can you tell me what is the capital of germany?,Berlin," The capital of Germany is Berlin. It's one of the 16 states of Germany and is known for its rich history, vibrant culture, diverse architecture, and numerous museums and landmarks such as the Brandenburg Gate and the Reichstag building.",2.77
mistral:7b,1,Factual QA,3,Please answer: What is the capital of Germany?,Berlin," The capital of Germany is Berlin. It's an interesting fact that Berlin was not always the capital of Germany. Before 1990, West Berlin served as the de facto capital while Bonn held the title of official capital for the Federal Republic of Germany. However, since German reunification in 1990, Berlin has been the capital of the reunified Germany.",3.973
mistral:7b,1,Factual QA,4,I would like to know: What is the capital of Germany?,Berlin," The capital of Germany is Berlin. It became the country's capital in 1991, following German reunification in 1990. Prior to that, Bonn served as West Germany's capital from 1949 to 1990 and East Germany's provisional capital from 1949 to 1961.",3.816
mistral:7b,1,Factual QA,5,Kindly respond to the following question: What is the capital of Germany?,Berlin," The capital of Germany is Berlin. It has been the German capital since October 3, 1999, following the country's reunification in 1990. Before that, West Berlin served as the de facto seat of government for West Germany, while East Berlin was the capital of East Germany.",3.276
mistral:7b,2,Factual QA,1,What is the capital of France?,Paris," The capital of France is Paris. It's one of the most famous cities in the world, known for its culture, art, fashion, and cuisine. Paris is home to many iconic landmarks such as the Eiffel Tower, Louvre Museum, and Notre-Dame Cathedral.",3.299
mistral:7b,2,Factual QA,2,Can you tell me what is the capital of france?,Paris," The capital of France is Paris. It's one of the most famous cities in the world, known for its rich history, culture, art, fashion, and cuisine.",1.876
mistral:7b,2,Factual QA,3,Please answer: What is the capital of France?,Paris, The capital of France is Paris.,0.519
mistral:7b,2,Factual QA,4,I would like to know: What is the capital of France?,Paris, The capital of France is Paris.,0.514
mistral:7b,2,Factual QA,5,Kindly respond to the following question: What is the capital of France?,Paris, The capital of France is Paris.,0.525
